SHA,Author,Author_Date,Lines of Code (LOC),Non-Comment Lines of Code (NCLOC),Lines of Classes,Average Complexity per Class,No. Classes,Total Complexity of Classes
7e0bca0b093debc5c0177729148d13db699d61d1,Abu Baker Siddique,2016-06-28,5250,2735,517,1.84,72,132.48000000000002
4b5e3a010594ca93bfd4281d40bed5e1f138366b,Graham Campbell,2015-12-11,5250,2735,517,1.84,72,132.48000000000002
eb28540a319e691c18b3a4d795504941528b49ad,Roman Toroshin,2015-09-30,5250,2735,517,1.84,72,132.48000000000002
38d30578e02ced04fe641ce739d6076907a9231d,Miharbi Hernandez,2015-09-09,5250,2735,517,1.84,72,132.48000000000002
a74e5022e311ddecba9945e5356cc3b5f2b803d4,Graham Campbell,2015-09-06,5250,2735,517,1.84,72,132.48000000000002
fd6aee3c9fccbfbd7cab5567b5d9190ac970e33d,Joey Xie,2015-09-05,5250,2735,517,1.84,72,132.48000000000002
eb4d63c8aa10e1ebeccba3a97d9e7a94ad79ee4f,Graham Campbell,2015-08-22,5250,2735,517,1.84,72,132.48000000000002
17263db90a9865ad0d9637be3bcd5cefedd9d7a1,Graham Campbell,2015-08-21,5250,2735,517,1.84,72,132.48000000000002
f24a0024179b958e3179d967995ca1c786dfeae1,Graham Campbell,2015-08-10,5530,2889,534,1.8,76,136.8
9dadd81bb74540ac4bcbd3b69b946c4b1ed3c9ef,Graham Campbell,2015-08-03,5530,2889,534,1.8,76,136.8
477e0dc72c17a7df261d340c5aa778908929de0e,Graham Campbell,2015-07-16,5530,2889,534,1.8,76,136.8
9ea6290d6c8c7ff70c7a130dd51a25dad5eac631,Graham Campbell,2015-06-25,5529,2888,534,1.8,76,136.8
1af336fbcb94bb90ee544f19cda07809a85ca0fd,Graham Campbell,2015-06-24,5529,2888,534,1.8,76,136.8
2c45875a0188ca3552626c1539e14e3eeabd627c,Ryan Matthews,2015-06-10,5530,2889,534,1.8,76,136.8
9dcc0ea188a4bc086a6294ae8ad64810787b00a3,Ryan Matthews,2015-06-04,5530,2889,534,1.8,76,136.8
92f49bfdec6c4e7af947476235c158cc29d83863,Ryan Matthews,2015-05-30,5529,2888,534,1.8,76,136.8
92106f582dc61f889b786088f75fe6df6c80f352,Graham Campbell,2015-05-26,5529,2888,534,1.8,76,136.8
817f1b2fa948ad1bcc3f66f794650204ce96ccd5,Graham Campbell,2015-05-25,5529,2888,534,1.8,76,136.8
6735b16af3976e503b1b3a74f268c0f7d3027843,Graham Campbell,2015-05-24,5529,2888,534,1.8,76,136.8
0912bc9316746f9456723e4c86f7c4dc76d25e58,Graham Campbell,2015-05-23,5529,2888,534,1.8,76,136.8
525e9bcc4f98c7a87f15ee2bbea6fa9d24fb016b,Graham Campbell,2015-05-17,5529,2888,534,1.8,76,136.8
8f1411e0e4638835ce9a5060603dcb8ef3ffd4db,Graham Campbell,2015-05-07,5529,2888,534,1.8,76,136.8
0471e88972cb4dba7aa6862503229be7a8f5fae5,Adam Brown,2015-04-23,5529,2888,534,1.8,76,136.8
37eaf361a2db94ccf04b252953c8ba22c9bfc3eb,Graham Campbell,2015-04-04,5529,2888,534,1.8,76,136.8
e3ed506c3c853ee73d650a7c10f7db99c24aba8b,Graham Campbell,2015-03-16,5529,2888,534,1.8,76,136.8
f3b2a4e905d51cd8641db1161050434e85b44059,Graham Campbell,2015-03-15,5529,2888,534,1.8,76,136.8
b6ba8895505486e507c9542509f49b03932572c1,Graham Campbell,2015-03-13,5528,2887,534,1.8,76,136.8
9830ed45cb97b26012770a933e2d7a43472c1026,Graham Campbell,2015-03-11,5375,3029,55,1.0,5,5.0
301c809a6f1b03fb31bcdff7e7e69a393d3b9822,Graham Campbell,2015-02-12,5528,2887,534,1.8,76,136.8
567cbca94842634c054c1f9627a6ba530cee9164,Graham Campbell,2015-02-11,5375,3029,55,1.0,5,5.0
c50c86bf909e6fa5e69579dab25703208975c232,Graham Campbell,2015-02-10,5528,2887,534,1.8,76,136.8
02ba2a15fccf9fb7a6e2c9ac74580a3f301adbe5,Graham Campbell,2015-02-09,5528,2887,534,1.8,76,136.8
9fbc1bf23c0b6e9323278b94378ae805325c64bf,Graham Campbell,2015-02-06,5375,3029,55,1.0,5,5.0
da48e7e0d6070ac257ea9530c61479fc44c7346e,Graham Campbell,2015-02-04,5375,3029,55,1.0,5,5.0
b022ca476c887f8f0808f43152211c460829ffd3,Graham Campbell,2015-02-02,5528,2887,534,1.8,76,136.8
d6d547dbee829cea83c2f6d2187bd6f055941501,Graham Campbell,2015-02-01,5528,2887,534,1.8,76,136.8
597c5d137988ac9f476aa946f523e17ddb3fb4f2,Graham Campbell,2015-01-31,5529,2888,534,1.8,76,136.8
4b799fd34d1d03805f0c6a64478b6b3976b20beb,James Brooks,2015-01-17,5451,2851,533,1.8,75,135.0
b34179d23e55b999381bc50c971ada0e5f6ccd02,Russ Weas,2015-01-12,5451,2851,533,1.8,75,135.0
b8f89d1b482387183d49f3a2716887d86a6b32c0,Graham Campbell,2015-01-11,5375,3029,55,1.0,5,5.0
67c26a9798f761ad9c3aa5f8c46867f06ee5f6ef,Graham Campbell,2015-01-05,5375,3029,55,1.0,5,5.0
a1d0bdffb1ba04573a100b41979ce3f821d0c789,Graham Campbell,2015-01-04,5600,3029,55,1.0,5,5.0
1bff03f0a466804757954dae9791ed50d6644333,Graham Campbell,2015-01-03,6257,2922,542,1.76,75,132.0
276dffcb0f08f7aa6b05730a920d78192411f43a,Graham Campbell,2015-01-02,5600,3029,55,1.0,5,5.0
706a6c62727b0c576b517d63e13c9083b5aaf933,Graham Campbell,2014-12-30,5658,3029,55,1.0,5,5.0
13f6c563ddca3f53485ce398957f9f3476b389fc,Graham Campbell,2014-12-24,5614,3011,55,1.0,5,5.0
066ba13fbfdd0fa820cc6321438caaca4b14ad27,Graham Campbell,2014-12-23,5614,3011,55,1.0,5,5.0
4ee0f96a48a080ffe3d575556aeb80973b46ebcd,Graham Campbell,2014-12-04,6219,2909,541,1.77,74,130.98
4e123aefdd6e59ac8dd880f43f25428912357489,Graham Campbell,2014-12-02,5614,3011,55,1.0,5,5.0
3ea61d4202ccc4178e249ee61defebd071ed11f0,Graham Campbell,2014-11-30,6205,2909,541,1.77,74,130.98
542ad60dd8ab3c5cc912a955cdaa928d207b0d6b,Graham Campbell,2014-11-29,5614,3011,55,1.0,5,5.0
3d900f65d858209c9a7ea89b59b6900917c56908,Graham Campbell,2014-11-28,5614,3011,55,1.0,5,5.0
e6fe31237b403e59ff7c8be385ddbaad8d65758d,Graham Campbell,2014-11-27,5614,3011,55,1.0,5,5.0
470f54b8da54e300d5df0fe0ca7e3fd4f20888ef,Graham Campbell,2014-11-25,6205,2909,541,1.77,74,130.98
46b7299439a287867e894a15940c3aff9100043a,Graham Campbell,2014-11-24,6223,2920,543,1.77,74,130.98
0334e1c942d844d64d5ce8b6208c559533305de5,Graham Campbell,2014-11-23,6223,2920,543,1.77,74,130.98
e1807dba550fdd22c5f81726c88703c13d0c477e,Graham Campbell,2014-11-22,6223,2920,543,1.77,74,130.98
ac4338380f53cde5bc39d3f8363e02228f4e6f9c,Graham Campbell,2014-11-20,6223,2920,543,1.77,74,130.98
75ad28e92981735b666df667d849be9cfde8ee7a,Graham Campbell,2014-11-19,6593,3129,629,2.0,77,154.0
1f868eb042a8b0f8023a7f89ecce746c7acda81a,Graham Campbell,2014-11-15,6833,3262,661,2.1,78,163.8
ceb145bd93a6215f32726baf186493160ff04d39,Graham Campbell,2014-11-13,6836,3265,661,2.1,78,163.8
880ea1d065862b8b2b41eb055dc458337b31d064,Graham Campbell,2014-11-12,6836,3265,661,2.1,78,163.8
5e7784e44d901927887283df6546d31331272e71,Graham Campbell,2014-11-11,5614,3011,55,1.0,5,5.0
4273907226016a8eafae9972b6da52f0ed8fe2c7,Graham Campbell,2014-11-09,6959,3314,667,2.11,80,168.79999999999998
616c25a6b5e8417026ebba00d3add36398e229bc,Graham Campbell,2014-11-08,6959,3314,667,2.11,80,168.79999999999998
a6cfb7d1268457c06504bd0d740d70b451ab1e55,Graham Campbell,2014-11-07,6959,3314,667,2.11,80,168.79999999999998
48cb000c12c0be3e57b247b9b880d61b690ae690,Graham Campbell,2014-11-06,6959,3314,667,2.11,80,168.79999999999998
f44581bc8bcd937b5739f34556b27da77bb15298,Graham Campbell,2014-11-05,6840,3268,660,2.11,79,166.69
76b8ef1f12dd46740ee2050d010c15349d9c53c2,Graham Campbell,2014-11-04,6840,3268,660,2.11,79,166.69
cfebde3b65203eb30b39141ff9db92bd199dd380,Graham Campbell,2014-11-03,5611,3008,55,1.0,5,5.0
f68ae5000a2d5ddee64d6dfcd365ddfc7e94919b,Graham Campbell,2014-11-02,6456,3053,569,1.89,76,143.64
2894907afc731e07500d2b824d41cc280631d38a,Graham Campbell,2014-10-31,6460,3057,569,1.89,76,143.64
df8bd99bf67fe704d7db7052478d4765ff986baa,Graham Campbell,2014-10-30,5606,3006,55,1.0,5,5.0
c3f3b77543fb8ca6ab2b9376ef652c1c3445a179,Graham Campbell,2014-10-28,5605,3005,55,1.0,5,5.0
8911f91f3e9b141fd2edeaf58886791990615a3c,Graham Campbell,2014-10-27,5605,3005,55,1.0,5,5.0
9dc4cd4ef52f7755f446a2134e4bc39091932fb6,Graham Campbell,2014-10-26,5605,3005,55,1.0,5,5.0
290ae0663b6a6a050fc6d5a4de0ad49ce4fc1e27,Graham Campbell,2014-10-24,5627,3027,55,1.0,5,5.0
e8b53b2d415440f26af6bcc6f63da3244177c43a,Graham Campbell,2014-10-19,5627,3027,55,1.0,5,5.0
29b4bf326ae504c8227416fc0c3f5d9bad6d0634,Graham Campbell,2014-10-08,5627,3027,55,1.0,5,5.0
3fdc6193e2441659838767d17d58f42b945afb8e,Graham Campbell,2014-10-05,5627,3027,55,1.0,5,5.0
cdf54ecb9af4f0f136102a03a1036ec1c9efe179,Graham Campbell,2014-10-04,5627,3027,55,1.0,5,5.0
48495bfe481d1b54e6df189cee1e7413b0d0c9fd,Graham Campbell,2014-09-27,5627,3027,55,1.0,5,5.0
78d01ed5f603603ec71097d099fd7cf1c15cfe72,Graham Campbell,2014-09-22,5627,3027,55,1.0,5,5.0
df2e2b6ada3d61e63c08bbec2c706a4143d75e77,Graham Campbell,2014-09-20,5644,3044,55,1.0,5,5.0
4bf6cb45eb17f389ef4fd15fd21a9b1153adfcd8,Graham Campbell,2014-09-17,5644,3044,55,1.0,5,5.0
a5cb9d60d3006be4ac0b315059ec73480b0856b8,Graham Campbell,2014-09-07,5643,3044,55,1.0,5,5.0
72821de375c33e5e03150839eca3b793de10a5ce,Graham Campbell,2014-09-06,5643,3044,55,1.0,5,5.0
aa5a45435400a334df8f99b3cb0cec4a62527e63,Graham Campbell,2014-08-31,5643,3044,55,1.0,5,5.0
066be96d85a97ef87ea4b6e6b13c8bf9f7f4bdba,Graham Campbell,2014-08-30,5660,3061,55,1.0,5,5.0
118fb694f661d01fee27385810e3fd92d34baf20,Alban,2014-08-13,5660,3061,55,1.0,5,5.0
cf49addd443fccc5c23d016b7b15f5bc32aafd1a,Graham Campbell,2014-08-12,5660,3061,55,1.0,5,5.0
1d3fb7492914a96bd099aa0c34c14d91b55c9181,Graham Campbell,2014-08-04,5660,3061,55,1.0,5,5.0
6667d71f6d3603c086cdb6bcf234dac4a82763e2,Graham Campbell,2014-08-03,5660,3061,55,1.0,5,5.0
747dc93db899223ddb4f0d4215550a508b819b9b,Graham Campbell,2014-08-02,5692,3092,55,1.0,5,5.0
f2db7c21552efdb33312210e1a8f838971b537bb,Graham Campbell,2014-08-01,5692,3092,55,1.0,5,5.0
49786108c5c947ad94650d184295a034ca40a900,Graham Campbell,2014-07-31,5692,3092,55,1.0,5,5.0
e835cfec614f54bf599507994f6b2baf7c5cdfab,Graham Campbell,2014-07-28,5679,3089,55,1.0,5,5.0
cca1a52cb81ab849dd78f66bc15a75b9aa15aeac,Graham Campbell,2014-07-27,5679,3089,55,1.0,5,5.0
84fbc02a258e65cebb5d490962360b1bc81871fc,Graham Campbell,2014-07-26,5689,3089,55,1.0,5,5.0
ca8a7dd40c4848b99dd8bdb5e634116a10fbcd54,Graham Campbell,2014-07-24,5689,3089,55,1.0,5,5.0
594c49080cc93482b32920884fd47aded93533c9,Graham Campbell,2014-07-23,5689,3089,55,1.0,5,5.0
ef1d11d0e009eb38c1383c6252788d8175789e1a,Graham Campbell,2014-07-22,5692,3092,55,1.0,5,5.0
8d2270fd93b09407cdb558b7f561329429804b6b,Graham Campbell,2014-07-21,5692,3092,55,1.0,5,5.0
be7421bf568d523e88df30a25951d189c3079851,Graham Campbell,2014-07-20,5692,3092,55,1.0,5,5.0
21e53e2c37d48ab62b64d9235ecf8164bb99058d,Graham Campbell,2014-07-19,5821,3221,55,1.0,5,5.0
0a52c8ad12c4ea3b173c9a80851ca5b7915d694c,Graham Campbell,2014-07-18,5835,3226,51,1.0,5,5.0
9a3e5d6b4ac4bd351a22b5d42a91e00526b5fc00,Graham Campbell,2014-07-17,5920,3192,71,1.33,9,11.97
d44832cdb17e946bbd327d10b2a270bc901b348e,Graham Campbell,2014-07-16,5924,3198,71,1.33,9,11.97
d6460e1121080fc81199adbd5fa5fac74818d78d,Graham Campbell,2014-07-13,5966,3220,71,1.33,9,11.97
ed654e989d3a4b8161679d9a037d5c76d1028d4a,Graham Campbell,2014-07-12,5998,3229,71,1.33,9,11.97
6df5876f97710da3b1799bf55562654e8895eca9,Graham Campbell,2014-07-11,5970,3223,71,1.33,9,11.97
fff6fd5217bc88cd1468107dca424a3ee6b570d2,Graham Campbell,2014-07-09,5954,3211,71,1.33,9,11.97
9fd694eac1c728c8f69f364efda17dc2c24253a0,Graham Campbell,2014-07-07,5954,3211,71,1.33,9,11.97
ab0a7254e7c8d0330343ddd8e3b10a4b5dd52322,Graham Campbell,2014-06-29,5942,3199,71,1.33,9,11.97
0ef9207be8d28c933f0112fee453bd9e9b3fabe5,Graham Campbell,2014-06-28,5833,3134,66,1.25,8,10.0
e5c30d5521dd67a205f931273ac724ed20bf16a7,Graham Campbell,2014-06-27,5833,3134,66,1.25,8,10.0
8ad2e201dd18b1c48188cdf2e53cf1f1f23476fc,Graham Campbell,2014-06-22,5834,3135,66,1.25,8,10.0
5fc7dc9efec08ac930b21a6497478f76d2d3889b,Jason Kristian,2014-05-26,5478,3002,66,1.25,8,10.0
53ab4b0edffd600b6fe9834516ee9b8b2e9e4683,Graham Campbell,2014-05-24,5478,3002,66,1.25,8,10.0
24aae8ef2d08c0dd512db87f5804690c3801cda1,Graham Campbell,2014-05-10,5468,2992,66,1.25,8,10.0
4a49d7d471cfe0ed46ef9e1a46b2c1eb4332c86a,Graham Campbell,2014-05-04,5433,2957,66,1.25,8,10.0
c9941f235126e312df78c38f7512e9ab76d3cea4,Graham Campbell,2014-04-21,5433,2957,66,1.25,8,10.0
800b55addf53f73cbecc1e87a10b6df3ab437096,Graham Campbell,2014-04-20,5225,2905,66,1.25,8,10.0
4a86b6859308461a7817377c33ae55b0d391ea6b,Graham Campbell,2014-04-19,5178,2892,66,1.25,8,10.0
4c125e40adfc9228059452d04149e2806c6c941f,Graham Campbell,2014-04-18,5178,2892,66,1.25,8,10.0
e70677a3573b3a38d12af71ff4934878cebe0f16,Graham Campbell,2014-04-17,5151,2886,66,1.25,8,10.0
af350e0fc9edbbd9632b9fba452f16efb291c7ca,Graham Campbell,2014-04-14,5171,2905,66,1.25,8,10.0
00a2d42b86b4cabfa6d0d5a76a0ffe9f8a4f50cb,Graham Campbell,2014-04-13,5156,2894,66,1.25,8,10.0
e9f0eaa464c536b3062d8f131b1eebc93a267e0f,Graham Campbell,2014-04-12,5120,2883,66,1.25,8,10.0
9057632eb3df84e4c19563faac4705fcb063bc33,Graham Campbell,2014-04-11,5120,2883,66,1.25,8,10.0
b32281e0a3e54bc150f845bb09ec68901e2e974d,Graham Campbell,2014-04-08,5123,2886,66,1.25,8,10.0
81afe48eab4a04addd296e82b8ea4b0c351e2990,Graham Campbell,2014-03-30,5123,2886,66,1.25,8,10.0
3823357da7058a15141e3c823129083b03160486,Graham Campbell,2014-03-29,5123,2886,66,1.25,8,10.0
cc91e588eeeca5c7c6f697a37e0a0f747478b00c,Graham Campbell,2014-03-22,5123,2886,66,1.25,8,10.0
9f4b68b4a36fe6db2a5513a34d775708a829e1b4,Graham Campbell,2014-03-14,5102,2879,66,1.25,8,10.0
6594e1326b5ead073f7e84d464d326e0a315415b,Graham Campbell,2014-02-25,5087,2870,66,1.25,8,10.0
a2b953f0c3672417673055e68a575b2025bc4d61,Graham Campbell,2014-02-21,5087,2870,66,1.25,8,10.0
619cd933a9097e297b6162d63fe6e620d0c3a347,Graham Campbell,2014-02-15,5087,2870,66,1.25,8,10.0
81900f018cc023e376d5aef38c1ccfea8ad4acb4,Graham Campbell,2014-02-14,5087,2870,66,1.25,8,10.0
a3f1f8ef8868c2f604d541406e811d39a31b14c3,Graham Campbell,2014-02-13,5087,2870,66,1.25,8,10.0
e06a9fdb74497c1ea8fb0310675a7e8b8734dfb3,Graham Campbell,2014-02-12,5087,2870,66,1.25,8,10.0
fc763ebc6bed12a3ef8eb96f1b61fb5d24f544e6,Graham Campbell,2014-02-09,4683,2676,0,1.0,1,1.0
45c29904ed2641d644119d2cac46642be539a793,Graham Campbell,2014-02-08,4683,2676,0,1.0,1,1.0
54021c817b7e0fc9d1a8898cbd0c60809d29b413,Graham Campbell,2014-02-05,4751,2757,0,1.0,1,1.0
a40abdca4f8e6e67b15f66d55345e979043970f7,Graham Campbell,2014-01-30,4742,2748,0,1.0,1,1.0
9481ab3e56f691abc4a7ac1b0ca91d360c67fbbf,Graham Campbell,2014-01-27,4739,2745,0,1.0,1,1.0
76e083b85a4c4feee65e64bd60226274614fdb3d,Graham Campbell,2014-01-26,4739,2745,0,1.0,1,1.0
c34481cc6716576903eb289667cd4aa18187f262,Graham Campbell,2014-01-25,4738,2744,0,1.0,1,1.0
4b80c6683c8ba82bae1334ed8debd35bcd1dfda1,Graham Campbell,2014-01-24,4715,2734,0,1.0,1,1.0
5119f245bf67fc83e5649b4e8c0f3b7d763d3e13,Graham Campbell,2014-01-23,4715,2734,0,1.0,1,1.0
93d25f57cb513058dda971a89136d9a950133e97,Graham Campbell,2014-01-22,4715,2734,0,1.0,1,1.0
43e5d0dfebb71bc2939a42abe3a0b332a926bd88,Graham Campbell,2014-01-21,4745,2744,0,1.0,1,1.0
9dac12cd35f356933a5a0e7caf60ae6f837b3833,Graham Campbell,2014-01-19,4745,2744,0,1.0,1,1.0
fe37705b371d4c87305b874ec57630633f076b6a,Graham Campbell,2014-01-18,4745,2744,0,1.0,1,1.0
c0da7d349f8ad5185cc7916003c066dcc5c4e7cd,Graham Campbell,2014-01-17,4745,2744,0,1.0,1,1.0
4e9029526863a671f89b79a4f3e6fe1cc0730e03,Graham Campbell,2014-01-16,4745,2744,0,1.0,1,1.0
5797ab381314cec3ef8a14a7f80296ae042c1344,Graham Campbell,2014-01-15,4745,2744,0,1.0,1,1.0
d46dd1f889dac08736d0fa4ee7de3a55785da2c1,Graham Campbell,2014-01-14,4745,2744,0,1.0,1,1.0
d985ec5d0723528662b1ff98b09b2b8f1e2d0d89,Graham Campbell,2014-01-13,4730,2741,0,1.0,1,1.0
8b083fe0cb6081fc14ca0651f2ed94130d5b3fd9,Graham Campbell,2014-01-12,4730,2741,0,1.0,1,1.0
111dab14983820de57279876eaffc27b87d5b4ee,Graham Campbell,2014-01-11,4732,2750,0,1.0,1,1.0
f0194f04c4ddcfcf13450bd7768282a998659135,Graham Campbell,2014-01-06,4628,2681,0,1.0,1,1.0
ed909d0d463b444eca17560e2fb9e35bf8a88d5c,Graham Campbell,2014-01-04,4606,2675,0,1.0,1,1.0
5a4bcbc26f192c46f40ceb813cb46d14a0ab8d57,Graham Campbell,2014-01-03,4606,2675,0,1.0,1,1.0
516ede7e138697dbaf9e46312e38d9a6703b320a,Graham Campbell,2014-01-01,4563,2633,0,1.0,1,1.0
aefda271601b28964d13f05ce2b04fb428c14c90,Graham Campbell,2013-12-31,4550,2630,0,1.0,1,1.0
9910a45dfd1bcebd88c705688d78fa1f483fa8da,Graham Campbell,2013-12-29,5348,3424,0,1.0,1,1.0
f19ff92b2f7a586ac0090588a6f2e4d1244793f1,Graham Campbell,2013-12-27,5348,3424,0,1.0,1,1.0
636eb732fab256700bdbf310ebcdab205a2f5439,Graham Campbell,2013-12-26,5346,3422,0,1.0,1,1.0
c08bc0cd8f9ab2a16394c952e7201dbc8440af40,Graham Campbell,2013-12-25,5344,3420,0,1.0,1,1.0
b6e47e7c581d3006a15fd8a5fe663d9df822c114,Graham Campbell,2013-12-24,5385,3451,0,1.0,1,1.0
8951a751a0b73fe685af96f7da83b48f091040de,Graham Campbell,2013-12-23,5385,3451,0,1.0,1,1.0
100e9d4020791bbb24f20a7cdc07c84f87ed1637,Graham Campbell,2013-12-22,5400,3454,0,1.0,1,1.0
117852bccc0ca70235fae40d3486046f42d155c4,Graham Campbell,2013-12-21,5141,3367,0,1.0,1,1.0
312aa5143f0539e6cddedd1104c094cc9422e284,Graham Campbell,2013-12-20,5073,3350,0,1.0,1,1.0
5e29783f42b07a53c15e14e9ad5b9b1c05f79813,Graham Campbell,2013-12-19,5059,3336,0,1.0,1,1.0
68895c2eb4469a197de0728d804985551efd32d8,Graham Campbell,2013-12-18,5217,3335,0,1.0,1,1.0
bcb37060506c0e2467c7d0f48e0a6d917d9008d6,Graham Campbell,2013-12-17,5217,3335,0,1.0,1,1.0
539bd553fa202df0f136eea09b4b86669e6741f5,Graham Campbell,2013-12-16,9528,6018,816,4.19,38,159.22000000000003
406e047b8088bcd7d7d6d747475a7f27fa71777d,Graham Campbell,2013-12-15,9550,6019,816,4.19,38,159.22000000000003
181da09f3193c7d1efb6fb3540c6de86b9f490a7,Graham Campbell,2013-12-13,9550,6019,816,4.19,38,159.22000000000003
6ae76f92476bc35f8da24bdac58ef98bcd9cdf6b,Graham Campbell,2013-12-12,9550,6019,816,4.19,38,159.22000000000003
7ed438a21bfd6feacd6f06ae5e3b7e9f58953cc4,Graham Campbell,2013-12-11,9550,6019,816,4.19,38,159.22000000000003
26c25d8b6b698d6b153ccabfab5cd7aacb261474,Graham Campbell,2013-12-10,9550,6019,816,4.19,38,159.22000000000003
f5929aeb06092e03613a7317e01ee2de8c137cfd,Graham Campbell,2013-12-08,9743,6212,818,4.19,38,159.22000000000003
e120221f57763006870e5b449011b6bd3663412b,Graham Campbell,2013-12-07,9814,6277,812,3.98,39,155.22
4d81c7db77d30f42af9d0392b521959be28b66cb,Graham Campbell,2013-12-03,9814,6277,812,3.98,39,155.22
b51862e0f632cdf45b8dfa07eaf444a0a7a91e8a,Graham Campbell,2013-12-02,10104,6419,847,3.87,42,162.54
860cabae24c4a1652a5641d2117e571bb3bdd74c,Graham Campbell,2013-12-01,10550,6594,892,3.71,47,174.37
77a9257393fdb39cdb2b7c330cff2447bcaf5a74,Graham Campbell,2013-11-30,10668,6641,889,3.71,47,174.37
a9c066d622fd8959620a51976502b285c78f6b42,Graham Campbell,2013-11-28,10706,6650,889,3.71,47,174.37
12cf9c55496b25f0788bb392ef30ca689198a42c,Graham Campbell,2013-11-24,10706,6650,889,3.71,47,174.37
4a96854000c193773b9f62aec2aa0f3ead802bea,Graham Campbell,2013-11-23,10706,6650,889,3.71,47,174.37
9241427f6736755425d3ddfc48f2cfea41b5496e,Graham Campbell,2013-11-21,10706,6650,889,3.71,47,174.37
f45923f715bc91749682708564d1be7fbffdfc45,Graham Campbell,2013-11-20,10759,6669,893,3.66,48,175.68
7911eb0fe8c461b869d7b7de0e842d2264a9c655,Graham Campbell,2013-11-16,10508,6571,887,3.63,47,170.60999999999999
d5e0ecc27adc36873025c2a4c3085a98a49613a6,Graham Campbell,2013-11-15,10440,6577,882,3.63,47,170.60999999999999
0d66bd793a28124650054d7c02ca3079cce6fa90,Graham Campbell,2013-11-13,10327,6500,855,3.58,47,168.26
e24f1fa90e048942056bb6db21191dbeadfbef60,Graham Campbell,2013-11-11,10214,6423,828,3.52,47,165.44
c54897c136b56c49eabbb6560ad68d60cd1647b7,Graham Campbell,2013-11-10,10898,6758,936,3.93,53,208.29000000000002
35c2dc29de9e518f8789c685090564398fe9a6f2,Roy Verrips,2013-11-09,10836,6705,931,3.91,53,207.23000000000002
ac317751c6764840ef09f31720cb1488498ea5bc,Graham Campbell,2013-11-07,10808,6680,930,3.93,53,208.29000000000002
68050a2776b154fb42d7132b2fe86d0e92a2c275,Graham Campbell,2013-11-06,10459,6523,917,4.15,48,199.20000000000002
b279d6d99ab8713363e14b3b20cd04a1ffe46657,Graham Campbell,2013-11-05,10459,6523,917,4.15,48,199.20000000000002
a296254c253f16babc8a3d75746ddb77bd36c05b,Graham Campbell,2013-11-04,10354,6452,905,4.19,47,196.93
08bec5250c3230ef8c05df736d0749a282e1c247,Graham Campbell,2013-11-03,10300,6409,903,4.17,47,195.99
9397c0936f551632673cae05678b1d47861013fe,Graham Campbell,2013-11-02,10253,6378,888,4.1,47,192.7
812b7b11d1881c2644e2f6cef0a725627e9bd5c6,Graham Campbell,2013-11-01,10332,6461,892,4.17,47,195.99
e7eb86b6316c15a0ac24541f39cf814fc9df3173,Graham Campbell,2013-10-31,10236,6364,889,4.12,47,193.64000000000001
6717d26eac6aa315952363e5e8672bf8156bff6f,Graham Campbell,2013-10-30,10063,6271,868,4.12,45,185.4
798329961e2449e239e6a9587879fbc9d5578e56,Graham Campbell,2013-10-29,10054,6263,867,4.12,45,185.4
43691adb0f087474de28a704975ea329a99d5b4b,Graham Campbell,2013-10-28,9904,6112,845,3.98,45,179.1
0bb66feb2568a2e435e8696d190a7f782c6463fd,Graham Campbell,2013-10-27,10046,6178,835,3.9,46,179.4
4d0184429a41ab8159f58067594278bd12635620,Graham Campbell,2013-10-26,9909,6096,804,3.74,45,168.3
2b08ff702a6ce5f554e67f4e8c425459525ed156,Graham Campbell,2013-10-25,9735,5968,800,3.78,44,166.32
c99527c2809c4b787ddd0cdfd673bdd96297ea74,Graham Campbell,2013-10-24,9844,6079,800,3.78,44,166.32
60ecf35509d4b775b385dce4412434dee46d22e8,Graham Campbell,2013-10-22,9859,6094,800,3.78,44,166.32
1a94b11a844430c2a9f9dc7dbc39bb328eb6c58b,Graham Campbell,2013-10-21,9888,6096,793,3.64,45,163.8
8e54a949ac8a0fa0fe5abd279ae7fc5f00dc113d,Graham Campbell,2013-10-20,9692,5983,767,3.48,43,149.64
f3c6906c07ed58204da33b4135c3600f4505a945,Graham Campbell,2013-10-19,9724,6014,764,3.44,43,147.92
55a43f08390f11685ee445b6a1b7e6de9da56106,Graham Campbell,2013-10-06,9724,6014,764,3.44,43,147.92
b4af81d0906989729b8fab8495c826476e2b9561,Graham Campbell,2013-10-02,9723,6013,764,3.44,43,147.92
696e2b5852c8543e872454586c4c03dc53396d74,Graham Campbell,2013-10-01,9723,6013,764,3.44,43,147.92
e1a69913bfa98ed7ef7549c9f5cc598b7093ee3d,Graham Campbell,2013-09-30,9483,5923,735,3.66,39,142.74
4dcff5d09e30e889b38618c51837d2768d432dfc,Graham Campbell,2013-09-17,10335,6330,863,2.98,54,160.92
11db3741ef3b16238751697d790d0cc74236cf2c,Graham Campbell,2013-09-16,10335,6330,863,2.98,54,160.92
11f99b1579cea3fcfdb6b18561ad97570dc52e48,Graham Campbell,2013-09-15,10335,6330,863,2.98,54,160.92
3dc44f12775f7be4ab900fc6ad8593a77c80d501,Graham Campbell,2013-09-12,14015,7775,1225,2.28,83,189.23999999999998
26d9cda438c601c2c6ca85d9ffda96ccbdc29656,Graham Campbell,2013-09-01,14015,7775,1225,2.28,83,189.23999999999998
a78cb5515e8c2f687ea663639d2e0416c377c829,Graham Campbell,2013-08-31,11015,7625,1225,2.28,83,189.23999999999998
2c2cfdc7762dce8686f2db22d991698f3941d772,Graham Campbell,2013-08-30,11015,7625,1225,2.28,83,189.23999999999998
55e960509509a4f484e4f8fb07743cbaf014ee28,Graham Campbell,2013-08-29,10896,7555,1208,2.21,83,183.43
3b6c1a94c12c0e258fa5507907a0362f7f170f2c,Graham Campbell,2013-08-28,10870,7534,1206,2.21,83,183.43
a6d6b5a0aebab42c2109d9dc002297bfd228a80d,Graham Campbell,2013-08-26,10871,7535,1206,2.21,83,183.43
b71ca4792b04877c988181e9304c643a53b6c4f1,Graham Campbell,2013-08-25,9522,7344,1147,2.16,79,170.64000000000001
f8da65539c8b366f96c8b8299bb5ddfe384d58f5,Graham Campbell,2013-08-24,9252,7335,1147,2.16,79,170.64000000000001
d466103aa13bfc01f77a9c8570ef79d51c5b09f2,Graham Campbell,2013-08-23,9173,7256,1118,2.11,78,164.57999999999998
486ad574a7ab39da523e7742a57b959b25550a44,Graham Campbell,2013-08-21,8857,6937,1059,2.03,78,158.33999999999997
cc75c982085e61fb6c3f14f742356ca40539b394,Graham Campbell,2013-08-20,8827,6907,1059,2.03,78,158.33999999999997
b2c6d101e9940bee6b48f43b2b3bc11426e357ea,Graham Campbell,2013-08-19,8720,6785,1048,2.03,78,158.33999999999997
4e845762e3edc6d4bd16d53f181205068415c4b8,Graham Campbell,2013-08-18,8504,6597,995,1.96,73,143.07999999999998
26ca0704481ae5f55d8cd0ef566fde9b48dc2520,Graham Campbell,2013-08-17,8434,6533,959,1.98,72,142.56
345424a5266b4558632e1296f95517fdfb854dfb,Graham Campbell,2013-08-16,7758,6037,863,1.95,52,101.39999999999999
372bba20fa07af605353167a54d50978b6361929,Graham Campbell,2013-08-15,7754,6033,863,1.95,52,101.39999999999999
ecbbfea03e17989afe54b4607232a46f4d75b0f3,Graham Campbell,2013-08-14,7603,5891,860,1.95,52,101.39999999999999
a2c5817544039a8285cd1436171d239a5bab2f1b,Graham Campbell,2013-08-13,8244,6262,960,2.3,56,128.79999999999998
4b53636e1d4805129a766309977ed0eecb6fae1e,Graham Campbell,2013-08-12,8230,6239,957,2.32,56,129.92
03a1861b5250c0bec078faec7be270b2bd1f21b4,Graham Campbell,2013-08-11,7823,5915,922,2.37,56,132.72
0400f6f9539053d89bbf4391ade1dc0d0027ebf0,Graham Campbell,2013-08-10,7707,5854,910,2.36,56,132.16
981753b94b3cbaea7d436ae3bf12aafeadf88665,Graham Campbell,2013-08-09,7586,5734,929,2.66,48,127.68
6856472ba6e6b9a11d52620db35fac3ce4792677,Graham Campbell,2013-08-08,7499,5646,930,3.19,48,153.12
214f88c08e28b3b461fc0ddeedd1e4656df4a960,Graham Campbell,2013-08-07,7415,5559,912,3.15,48,151.2
cd14cf69106ba68ab0dcc4186c4e63c82a8fcc55,Graham Campbell,2013-08-06,7083,5230,813,3.02,45,135.9
82e5d006bf8bb66c61701cd6667e3a3e8f6d74c7,Graham Campbell,2013-08-05,6557,4733,770,2.96,45,133.2
f9a8f6487e6d521e2dea32953a953ce4d56afefd,Graham Campbell,2013-08-04,6411,4601,747,2.92,45,131.4
5ec9788cf6d91fbf484c9e373f1d2c64d85b9324,Graham Campbell,2013-08-03,6346,4529,727,3.04,42,127.68
7e2e8926d4dc19aaa9890135c9550df35f784dec,Graham Campbell,2013-08-02,5896,4027,606,3.26,39,127.13999999999999
812622f57bdb296930efb670c0bc3510304c6b91,Graham Campbell,2013-08-01,5840,3955,585,3.26,39,127.13999999999999
3846cfcc9a5022fb211a0a8e0c3161eb76dd52cb,Graham Campbell,2013-07-31,6012,4069,551,2.96,43,127.28
d3e706477c6c2e156372bdc8c6ef76cd134bab9a,Graham Campbell,2013-07-30,5911,3982,517,3.22,37,119.14
53a3854c4d5755a6440cb200c5de09e9b7125055,Graham Campbell,2013-07-29,5752,3822,509,3.19,37,118.03
2c41a602a59e903d621704579309929510a0ee96,Graham Campbell,2013-07-28,5525,3752,548,3.13,38,118.94
6f9d1060a361d253d513b2969a76f93e50fb0028,Graham Campbell,2013-07-27,5476,3715,543,3.08,38,117.04
f19db301f7c695f6a5b7d79159ec1cd77d38b232,Graham Campbell,2013-07-25,5514,3753,543,3.08,38,117.04
ee1919450338cac5fe1fa9af96c8e83e767a0f81,Graham Campbell,2013-07-24,5375,3672,518,3.31,35,115.85000000000001
5d3b349d7842f74d33d9c3f8933c0ecb12653193,Graham Campbell,2013-07-23,1414,670,13,1.17,6,7.02
